"year_month","year","month","max_temp_f","min_temp_f"
"1938-04-01",1938,4,63,42.3
"1938-05-01",1938,5,65.5,49.2
"1938-06-01",1938,6,78.5,59.1
"1938-07-01",1938,7,83.4,65.1
"1938-08-01",1938,8,84.8,63.9
"1938-09-01",1938,9,72,53.2
"1938-10-01",1938,10,66.6,44.7
"1938-11-01",1938,11,38.3,24.3
"1938-12-01",1938,12,26.3,13.5
"1939-01-01",1939,1,26.1,12.4
"1939-02-01",1939,2,20,-1.4
"1939-03-01",1939,3,39.1,20.4
"1939-04-01",1939,4,52.2,33.7
"1939-05-01",1939,5,76.1,52.8
"1939-06-01",1939,6,78.9,60.1
"1939-07-01",1939,7,85.3,65.6
"1939-08-01",1939,8,82,61.5
"1939-09-01",1939,9,75.1,54
"1939-10-01",1939,10,56.4,39
"1939-11-01",1939,11,47.4,27.5
"1939-12-01",1939,12,35.2,19.2
"1940-01-01",1940,1,12.8,-0.7
"1940-02-01",1940,2,26.6,12.5
"1940-03-01",1940,3,31.5,17.6
"1940-04-01",1940,4,53,35.4
"1940-05-01",1940,5,66.9,46.3
"1940-06-01",1940,6,78.1,59.7
"1940-07-01",1940,7,87.2,66.1
"1940-08-01",1940,8,76.8,61.8
"1940-09-01",1940,9,76.1,55.3
"1940-10-01",1940,10,63.6,44.8
"1940-11-01",1940,11,33.7,21.5
"1940-12-01",1940,12,27.7,15.3
"1941-01-01",1941,1,23.9,10
"1941-02-01",1941,2,23.7,6
"1941-03-01",1941,3,35.8,21.2
"1941-04-01",1941,4,62.8,44
"1941-05-01",1941,5,74.3,53.5
"1941-06-01",1941,6,78.5,61.4
"1941-07-01",1941,7,85.5,65.6
"1941-08-01",1941,8,83.2,62.9
"1941-09-01",1941,9,72.9,54.2
"1941-10-01",1941,10,59.4,42.8
"1941-11-01",1941,11,43.8,28.8
"1941-12-01",1941,12,32.3,19.3
"1942-01-01",1942,1,27.9,12.3
"1942-02-01",1942,2,27.2,14.7
"1942-03-01",1942,3,42.7,29.8
"1942-04-01",1942,4,64,41.5
"1942-05-01",1942,5,65.2,48.1
"1942-06-01",1942,6,76.2,59
"1942-07-01",1942,7,81.5,63.1
"1942-08-01",1942,8,80,62.2
"1942-09-01",1942,9,65.9,49.3
"1942-10-01",1942,10,60.2,40.8
"1942-11-01",1942,11,41.6,25.3
"1942-12-01",1942,12,21.3,8.7
"1943-01-01",1943,1,15.3,-0.5
"1943-02-01",1943,2,27.6,7.4
"1943-03-01",1943,3,32.1,15.9
"1943-04-01",1943,4,54.8,35
"1943-05-01",1943,5,66,46.5
"1943-06-01",1943,6,79.9,62.5
"1943-07-01",1943,7,84.7,66.2
"1943-08-01",1943,8,81.3,63.6
"1943-09-01",1943,9,68,49.2
"1943-10-01",1943,10,59.6,39.8
"1943-11-01",1943,11,34.7,23.9
"1943-12-01",1943,12,30.6,15.4
"1944-01-01",1944,1,33.2,19
"1944-02-01",1944,2,29.5,12
"1944-03-01",1944,3,32.2,20.3
"1944-04-01",1944,4,51.9,35.1
"1944-05-01",1944,5,72.3,53.8
"1944-06-01",1944,6,79.9,61.3
"1944-07-01",1944,7,81,63.4
"1944-08-01",1944,8,81.3,63
"1944-09-01",1944,9,70.7,53.3
"1944-10-01",1944,10,62,40.8
"1944-11-01",1944,11,41.8,33.3
"1944-12-01",1944,12,25.7,12.1
"1945-01-01",1945,1,19,5.5
"1945-02-01",1945,2,27.2,8.5
"1945-03-01",1945,3,49.8,30.6
"1945-04-01",1945,4,53.2,35.8
"1945-05-01",1945,5,62.2,43.2
"1945-06-01",1945,6,70.6,53.9
"1945-07-01",1945,7,80.9,61.6
"1945-08-01",1945,8,81.1,62
"1945-09-01",1945,9,70.1,50.9
"1945-10-01",1945,10,58.8,38.9
"1945-11-01",1945,11,37.9,25.3
"1945-12-01",1945,12,18.7,7.1
"1946-01-01",1946,1,22.6,6.7
"1946-02-01",1946,2,26.4,7.4
"1946-03-01",1946,3,51.1,34.5
"1946-04-01",1946,4,62.1,41.2
"1946-05-01",1946,5,66.1,45.7
"1946-06-01",1946,6,77.6,58.3
"1946-07-01",1946,7,84,64.9
"1946-08-01",1946,8,79.9,58.8
"1946-09-01",1946,9,69.5,51.1
"1946-10-01",1946,10,61.1,41.9
"1946-11-01",1946,11,40.6,25.1
"1946-12-01",1946,12,26.9,13.3
"1947-01-01",1947,1,29.2,13
"1947-02-01",1947,2,22.8,7.1
"1947-03-01",1947,3,35.9,22.8
"1947-04-01",1947,4,50,35.3
"1947-05-01",1947,5,63.8,44.6
"1947-06-01",1947,6,74.7,56.3
"1947-07-01",1947,7,83.9,63.4
"1947-08-01",1947,8,88.8,68.7
"1947-09-01",1947,9,73.3,53.7
"1947-10-01",1947,10,68.8,50
"1947-11-01",1947,11,32.3,20.3
"1947-12-01",1947,12,24.7,10.7
"1948-01-01",1948,1,19,0.3
"1948-02-01",1948,2,24.8,6.8
"1948-03-01",1948,3,36.8,18.6
"1948-04-01",1948,4,60.6,40.5
"1948-05-01",1948,5,69.3,48.9
"1948-06-01",1948,6,77.3,59.1
"1948-07-01",1948,7,86.7,65.3
"1948-08-01",1948,8,83.3,63.1
"1948-09-01",1948,9,79.6,56.8
"1948-10-01",1948,10,61.8,40.9
"1948-11-01",1948,11,40.3,29.5
"1948-12-01",1948,12,27,12
"1949-01-01",1949,1,20.7,6.6
"1949-02-01",1949,2,23.9,3.1
"1949-03-01",1949,3,37,22.9
"1949-04-01",1949,4,58.3,37
"1949-05-01",1949,5,72.8,52.4
"1949-06-01",1949,6,83.4,62.8
"1949-07-01",1949,7,87.3,67.2
"1949-08-01",1949,8,85.1,64.5
"1949-09-01",1949,9,68.3,49.3
"1949-10-01",1949,10,62.4,43.8
"1949-11-01",1949,11,43.4,30.5
"1949-12-01",1949,12,27.5,12.3
"1950-01-01",1950,1,15.7,-2.9
"1950-02-01",1950,2,26.3,6.7
"1950-03-01",1950,3,31.5,17.3
"1950-04-01",1950,4,44.1,30.8
"1950-05-01",1950,5,66,47.3
"1950-06-01",1950,6,79.3,58.1
"1950-07-01",1950,7,81.2,61.5
"1950-08-01",1950,8,78.2,58.3
"1950-09-01",1950,9,72.7,53.2
"1950-10-01",1950,10,64,43.6
"1950-11-01",1950,11,34.7,20.4
"1950-12-01",1950,12,18.9,4.9
"1951-01-01",1951,1,17.2,0.6
"1951-02-01",1951,2,25.7,9.6
"1951-03-01",1951,3,29.2,13.8
"1951-04-01",1951,4,49.9,35.9
"1951-05-01",1951,5,71.9,52.9
"1951-06-01",1951,6,74.3,56.8
"1951-07-01",1951,7,81.7,63.5
"1951-08-01",1951,8,76.5,60.8
"1951-09-01",1951,9,65.8,48.8
"1951-10-01",1951,10,57.1,41
"1951-11-01",1951,11,32.7,18
"1951-12-01",1951,12,21.9,9.9
"1952-01-01",1952,1,20.3,3.6
"1952-02-01",1952,2,30.7,16.9
"1952-03-01",1952,3,33,19.9
"1952-04-01",1952,4,60.5,40.8
"1952-05-01",1952,5,68.5,50
"1952-06-01",1952,6,79.3,61.5
"1952-07-01",1952,7,83.9,64.1
"1952-08-01",1952,8,78.8,60.4
"1952-09-01",1952,9,74,53
"1952-10-01",1952,10,55,34.1
"1952-11-01",1952,11,42.9,27.3
"1952-12-01",1952,12,28,17.8
"1953-01-01",1953,1,22.8,9.8
"1953-02-01",1953,2,26.6,9.4
"1953-03-01",1953,3,39.2,23.9
"1953-04-01",1953,4,48.8,34.1
"1953-05-01",1953,5,69.3,49.2
"1953-06-01",1953,6,81.2,62.3
"1953-07-01",1953,7,82.4,64.3
"1953-08-01",1953,8,82.9,64.8
"1953-09-01",1953,9,73.4,51.5
"1953-10-01",1953,10,68.6,46.5
"1953-11-01",1953,11,47.4,30.7
"1953-12-01",1953,12,29.6,13.4
"1954-01-01",1954,1,18.3,1.4
"1954-02-01",1954,2,39.5,24.3
"1954-03-01",1954,3,35.7,20.9
"1954-04-01",1954,4,57.2,36.9
"1954-05-01",1954,5,62.4,45
"1954-06-01",1954,6,81.3,62.8
"1954-07-01",1954,7,84.6,65.9
"1954-08-01",1954,8,80.4,61.3
"1954-09-01",1954,9,68.6,53.1
"1954-10-01",1954,10,55,40.8
"1954-11-01",1954,11,44.6,31.5
"1954-12-01",1954,12,27.9,18
"1955-01-01",1955,1,19.7,7.4
"1955-02-01",1955,2,23.6,5.5
"1955-03-01",1955,3,35.4,16.6
"1955-04-01",1955,4,65,43.9
"1955-05-01",1955,5,75.1,52.6
"1955-06-01",1955,6,78.2,59.9
"1955-07-01",1955,7,88.6,69
"1955-08-01",1955,8,86.1,67.2
"1955-09-01",1955,9,73.7,53
"1955-10-01",1955,10,61,42.3
"1955-11-01",1955,11,31.8,19
"1955-12-01",1955,12,19.4,4
"1956-01-01",1956,1,19.8,4.8
"1956-02-01",1956,2,24.2,6.1
"1956-03-01",1956,3,33.4,19.1
"1956-04-01",1956,4,51.9,32.8
"1956-05-01",1956,5,68.4,49
"1956-06-01",1956,6,84.6,63.8
"1956-07-01",1956,7,79.3,62.5
"1956-08-01",1956,8,81.2,62.2
"1956-09-01",1956,9,69.8,48.4
"1956-10-01",1956,10,67.4,46
"1956-11-01",1956,11,40.4,27.3
"1956-12-01",1956,12,30.9,15.9
"1957-01-01",1957,1,18.4,0.8
"1957-02-01",1957,2,29,12.3
"1957-03-01",1957,3,38.4,23.1
"1957-04-01",1957,4,57.1,37.8
"1957-05-01",1957,5,67.1,48.2
"1957-06-01",1957,6,77.3,59
"1957-07-01",1957,7,86.5,68.2
"1957-08-01",1957,8,79.9,62.9
"1957-09-01",1957,9,68.9,50.6
"1957-10-01",1957,10,57,40.7
"1957-11-01",1957,11,37.4,27.6
"1957-12-01",1957,12,30.9,18.7
"1958-01-01",1958,1,27.6,16.3
"1958-02-01",1958,2,23.7,7.6
"1958-03-01",1958,3,40.6,26.4
"1958-04-01",1958,4,58.6,38.2
"1958-05-01",1958,5,72.7,50.2
"1958-06-01",1958,6,73.7,54.6
"1958-07-01",1958,7,80.2,62.1
"1958-08-01",1958,8,81.2,62.6
"1958-09-01",1958,9,72.5,53.6
"1958-10-01",1958,10,63.1,43.5
"1958-11-01",1958,11,43.8,27.2
"1958-12-01",1958,12,22.8,8
"1959-01-01",1959,1,18,2.1
"1959-02-01",1959,2,26.2,8.4
"1959-03-01",1959,3,42.9,25.8
"1959-04-01",1959,4,57.4,37.8
"1959-05-01",1959,5,70.8,51.7
"1959-06-01",1959,6,80.6,62.7
"1959-07-01",1959,7,85.6,64.9
"1959-08-01",1959,8,84.5,67
"1959-09-01",1959,9,72.6,54.3
"1959-10-01",1959,10,51.5,37.7
"1959-11-01",1959,11,31.9,18.4
"1959-12-01",1959,12,35.4,23.9
"1960-01-01",1960,1,23.6,10.5
"1960-02-01",1960,2,25.5,10.3
"1960-03-01",1960,3,29.5,12.7
"1960-04-01",1960,4,56.7,38.5
"1960-05-01",1960,5,67.6,48.7
"1960-06-01",1960,6,75.1,55.8
"1960-07-01",1960,7,83.4,63.1
"1960-08-01",1960,8,82.4,64.8
"1960-09-01",1960,9,70.9,55.4
"1960-10-01",1960,10,60.3,40.4
"1960-11-01",1960,11,41.7,28.8
"1960-12-01",1960,12,24.6,11.5
"1961-01-01",1961,1,21.1,6.9
"1961-02-01",1961,2,32.2,18.1
"1961-03-01",1961,3,40.4,28.5
"1961-04-01",1961,4,48.2,33.8
"1961-05-01",1961,5,66.9,46.2
"1961-06-01",1961,6,80.3,60
"1961-07-01",1961,7,81.3,63.2
"1961-08-01",1961,8,82,64.1
"1961-09-01",1961,9,68.4,52.3
"1961-10-01",1961,10,62.8,41.1
"1961-11-01",1961,11,41.1,27.4
"1961-12-01",1961,12,23.4,9.1
"1962-01-01",1962,1,14.9,1.3
"1962-02-01",1962,2,19.2,7.2
"1962-03-01",1962,3,31.9,20.8
"1962-04-01",1962,4,53.9,34.3
"1962-05-01",1962,5,69.6,55.6
"1962-06-01",1962,6,77,59.8
"1962-07-01",1962,7,77,62.4
"1962-08-01",1962,8,79.9,60.6
"1962-09-01",1962,9,67.4,49
"1962-10-01",1962,10,60.6,42.9
"1962-11-01",1962,11,42.3,30.2
"1962-12-01",1962,12,26.2,13.6
"1963-01-01",1963,1,10.7,-3
"1963-02-01",1963,2,22.1,5.1
"1963-03-01",1963,3,44,28
"1963-04-01",1963,4,59.5,39.1
"1963-05-01",1963,5,66.2,48.7
"1963-06-01",1963,6,81.3,62.8
"1963-07-01",1963,7,84.9,66.6
"1963-08-01",1963,8,80.3,61.3
"1963-09-01",1963,9,72.7,55.1
"1963-10-01",1963,10,69.9,49.5
"1963-11-01",1963,11,47.5,31.6
"1963-12-01",1963,12,16.4,5.4
"1964-01-01",1964,1,27.7,14.2
"1964-02-01",1964,2,34.3,17.4
"1964-03-01",1964,3,34.6,20.7
"1964-04-01",1964,4,57.6,39.8
"1964-05-01",1964,5,73.1,53.8
"1964-06-01",1964,6,80.6,61.3
"1964-07-01",1964,7,87.7,68.8
"1964-08-01",1964,8,79.1,59.6
"1964-09-01",1964,9,68.4,51.4
"1964-10-01",1964,10,58.4,39.8
"1964-11-01",1964,11,43.3,28.6
"1964-12-01",1964,12,22.2,9.4
"1965-01-01",1965,1,18.2,3.6
"1965-02-01",1965,2,21.8,3.6
"1965-03-01",1965,3,26.3,14.5
"1965-04-01",1965,4,49,36.6
"1965-05-01",1965,5,68.3,51
"1965-06-01",1965,6,75.7,59.3
"1965-07-01",1965,7,80.1,62.7
"1965-08-01",1965,8,78.2,61
"1965-09-01",1965,9,59.7,47.8
"1965-10-01",1965,10,61.3,42
"1965-11-01",1965,11,41.2,26.9
"1965-12-01",1965,12,33.8,24.2
"1966-01-01",1966,1,11.8,-3.2
"1966-02-01",1966,2,24.7,9.8
"1966-03-01",1966,3,44.4,29.1
"1966-04-01",1966,4,50,36.3
"1966-05-01",1966,5,65.1,44.1
"1966-06-01",1966,6,79.1,59.6
"1966-07-01",1966,7,87.1,68.3
"1966-08-01",1966,8,78.2,60.2
"1966-09-01",1966,9,70.6,51.9
"1966-10-01",1966,10,58.4,38.5
"1966-11-01",1966,11,37.2,24.8
"1966-12-01",1966,12,24.6,13.6
"1967-01-01",1967,1,24,7.1
"1967-02-01",1967,2,19.5,-0.1
"1967-03-01",1967,3,36.9,24.6
"1967-04-01",1967,4,53,38.4
"1967-05-01",1967,5,63,43.5
"1967-06-01",1967,6,75.2,60.4
"1967-07-01",1967,7,78.6,60.7
"1967-08-01",1967,8,76.7,57.7
"1967-09-01",1967,9,72.2,50.3
"1967-10-01",1967,10,55.9,38.6
"1967-11-01",1967,11,37.8,25.5
"1967-12-01",1967,12,29.2,16.2
"1968-01-01",1968,1,22.5,8
"1968-02-01",1968,2,23.3,9
"1968-03-01",1968,3,49.4,30.1
"1968-04-01",1968,4,59.3,39.7
"1968-05-01",1968,5,62.2,46.6
"1968-06-01",1968,6,76.3,60
"1968-07-01",1968,7,80.3,63.8
"1968-08-01",1968,8,80.2,63.1
"1968-09-01",1968,9,70.5,53.6
"1968-10-01",1968,10,58.9,44.5
"1968-11-01",1968,11,40,30
"1968-12-01",1968,12,23.5,12.2
"1969-01-01",1969,1,17.2,2.1
"1969-02-01",1969,2,26.5,12.7
"1969-03-01",1969,3,32.2,16.7
"1969-04-01",1969,4,59.2,40.1
"1969-05-01",1969,5,71.1,50.6
"1969-06-01",1969,6,70.1,54
"1969-07-01",1969,7,82.6,65.1
"1969-08-01",1969,8,85.8,63.6
"1969-09-01",1969,9,73.5,53.1
"1969-10-01",1969,10,54.1,39.4
"1969-11-01",1969,11,40.3,27.5
"1969-12-01",1969,12,26.9,14.3
"1970-01-01",1970,1,14,-2.2
"1970-02-01",1970,2,25.2,6.2
"1970-03-01",1970,3,33,19.7
"1970-04-01",1970,4,55.1,37.7
"1970-05-01",1970,5,67.4,50.1
"1970-06-01",1970,6,80.7,62.3
"1970-07-01",1970,7,85.6,65.4
"1970-08-01",1970,8,81.9,62.6
"1970-09-01",1970,9,70.5,52.5
"1970-10-01",1970,10,57.5,42.4
"1970-11-01",1970,11,38.9,27.2
"1970-12-01",1970,12,25.8,11.3
"1971-01-01",1971,1,14.1,-0.4
"1971-02-01",1971,2,24.4,10.3
"1971-03-01",1971,3,34.6,22.2
"1971-04-01",1971,4,58.3,36.3
"1971-05-01",1971,5,66.4,45.1
"1971-06-01",1971,6,80.7,63
"1971-07-01",1971,7,79.2,59.1
"1971-08-01",1971,8,80.9,58.8
"1971-09-01",1971,9,72.7,53.6
"1971-10-01",1971,10,60.2,43.8
"1971-11-01",1971,11,39.1,27.5
"1971-12-01",1971,12,25.5,12.5
"1972-01-01",1972,1,14.9,-2.7
"1972-02-01",1972,2,19.7,2.5
"1972-03-01",1972,3,34.4,19.7
"1972-04-01",1972,4,50.8,34.2
"1972-05-01",1972,5,72.1,51.6
"1972-06-01",1972,6,78.2,55.1
"1972-07-01",1972,7,77.8,60.4
"1972-08-01",1972,8,79.1,61.7
"1972-09-01",1972,9,68,49
"1972-10-01",1972,10,52.4,36.2
"1972-11-01",1972,11,37.2,28.5
"1972-12-01",1972,12,18.4,5.3
"1973-01-01",1973,1,25.9,10
"1973-02-01",1973,2,28.8,15.5
"1973-03-01",1973,3,47,34.6
"1973-04-01",1973,4,53.5,36.4
"1973-05-01",1973,5,65.3,46.3
"1973-06-01",1973,6,80.9,59.3
"1973-07-01",1973,7,83.8,64.9
"1973-08-01",1973,8,82.3,65.7
"1973-09-01",1973,9,68.7,52.7
"1973-10-01",1973,10,63.2,45.6
"1973-11-01",1973,11,41.9,27.8
"1973-12-01",1973,12,23,11.5
"1974-01-01",1974,1,20.6,4.5
"1974-02-01",1974,2,26.2,8.7
"1974-03-01",1974,3,37.6,22.6
"1974-04-01",1974,4,57.3,38.1
"1974-05-01",1974,5,64.1,45.8
"1974-06-01",1974,6,76.2,56
"1974-07-01",1974,7,87.6,66.8
"1974-08-01",1974,8,77.5,58.3
"1974-09-01",1974,9,67.1,44.7
"1974-10-01",1974,10,60.5,40.2
"1974-11-01",1974,11,40.2,28.3
"1974-12-01",1974,12,30.8,19.1
"1975-01-01",1975,1,23.2,6.9
"1975-02-01",1975,2,23,9.2
"1975-03-01",1975,3,29.5,15.8
"1975-04-01",1975,4,45.5,33.5
"1975-05-01",1975,5,71.6,51.4
"1975-06-01",1975,6,76.7,60.3
"1975-07-01",1975,7,86,66.1
"1975-08-01",1975,8,80.2,61.6
"1975-09-01",1975,9,66.9,48.7
"1975-10-01",1975,10,63.9,41.6
"1975-11-01",1975,11,46,28
"1975-12-01",1975,12,27.2,14.1
"1976-01-01",1976,1,20.8,2.8
"1976-02-01",1976,2,35.7,19.5
"1976-03-01",1976,3,40.2,23.1
"1976-04-01",1976,4,63,39.6
"1976-05-01",1976,5,70,45.9
"1976-06-01",1976,6,82.9,59.8
"1976-07-01",1976,7,87.3,63.7
"1976-08-01",1976,8,84.5,61.1
"1976-09-01",1976,9,73.4,49.4
"1976-10-01",1976,10,54.2,33.6
"1976-11-01",1976,11,36.6,19.1
"1976-12-01",1976,12,22.7,2.8
"1977-01-01",1977,1,9.4,-8.5
"1977-02-01",1977,2,30.6,15.2
"1977-03-01",1977,3,44.8,30.6
"1977-04-01",1977,4,63.2,43.1
"1977-05-01",1977,5,77.8,56.5
"1977-06-01",1977,6,77.4,59.8
"1977-07-01",1977,7,84,66
"1977-08-01",1977,8,75.7,56.9
"1977-09-01",1977,9,68.1,53.3
"1977-10-01",1977,10,56.3,38.3
"1977-11-01",1977,11,38,24
"1977-12-01",1977,12,20,9.2
"1978-01-01",1978,1,13.5,-2.1
"1978-02-01",1978,2,19.8,3.8
"1978-03-01",1978,3,38.2,22
"1978-04-01",1978,4,53.2,37.6
"1978-05-01",1978,5,72,52
"1978-06-01",1978,6,77.3,58.7
"1978-07-01",1978,7,79.5,63.2
"1978-08-01",1978,8,82.3,62.5
"1978-09-01",1978,9,77.3,57.7
"1978-10-01",1978,10,59.2,40.8
"1978-11-01",1978,11,40,25.3
"1978-12-01",1978,12,22.6,8.1
"1979-01-01",1979,1,10.5,-3.7
"1979-02-01",1979,2,18.4,2
"1979-03-01",1979,3,34.7,23.4
"1979-04-01",1979,4,52.3,36
"1979-05-01",1979,5,65.9,45.5
"1979-06-01",1979,6,77.1,57.9
"1979-07-01",1979,7,82.6,65
"1979-08-01",1979,8,77.6,62.5
"1979-09-01",1979,9,73.4,53.8
"1979-10-01",1979,10,55.3,38.3
"1979-11-01",1979,11,38.1,25.7
"1979-12-01",1979,12,33.3,19
"1980-01-01",1980,1,22.6,8.3
"1980-02-01",1980,2,22.5,8.4
"1980-03-01",1980,3,35.5,19.4
"1980-04-01",1980,4,60.2,38.7
"1980-05-01",1980,5,72.9,50.5
"1980-06-01",1980,6,77.8,57.8
"1980-07-01",1980,7,86.2,64.6
"1980-08-01",1980,8,79.4,62.3
"1980-09-01",1980,9,68.3,51.1
"1980-10-01",1980,10,53.3,37.3
"1980-11-01",1980,11,44.6,29
"1980-12-01",1980,12,26.4,13.5
"1981-01-01",1981,1,27.6,8.8
"1981-02-01",1981,2,31.2,15.9
"1981-03-01",1981,3,47.7,28.1
"1981-04-01",1981,4,58.6,39.9
"1981-05-01",1981,5,67,47.5
"1981-06-01",1981,6,76.3,58.2
"1981-07-01",1981,7,79.5,62.6
"1981-08-01",1981,8,76.9,62.2
"1981-09-01",1981,9,70.1,50.4
"1981-10-01",1981,10,54.9,38.8
"1981-11-01",1981,11,46,30.3
"1981-12-01",1981,12,24.2,11.3
"1982-01-01",1982,1,10.6,-5.6
"1982-02-01",1982,2,23.3,8.7
"1982-03-01",1982,3,34.8,23.5
"1982-04-01",1982,4,53.4,34.6
"1982-05-01",1982,5,71.1,54.2
"1982-06-01",1982,6,74.1,53.6
"1982-07-01",1982,7,85.7,66
"1982-08-01",1982,8,81.5,62.5
"1982-09-01",1982,9,68.7,53.5
"1982-10-01",1982,10,58,43
"1982-11-01",1982,11,38,25.4
"1982-12-01",1982,12,32.3,19.4
"1983-01-01",1983,1,26.1,13.4
"1983-02-01",1983,2,31.2,23
"1983-03-01",1983,3,39.6,29.2
"1983-04-01",1983,4,50,34.9
"1983-05-01",1983,5,63.9,45.7
"1983-06-01",1983,6,77.1,59.3
"1983-07-01",1983,7,86.1,68.7
"1983-08-01",1983,8,86.1,67.8
"1983-09-01",1983,9,71.6,55
"1983-10-01",1983,10,56.4,41.6
"1983-11-01",1983,11,39,30.3
"1983-12-01",1983,12,11.1,-2.5
"1984-01-01",1984,1,20.1,5.1
"1984-02-01",1984,2,33.8,22.4
"1984-03-01",1984,3,32.8,18.1
"1984-04-01",1984,4,56.9,38.6
"1984-05-01",1984,5,66.3,47.1
"1984-06-01",1984,6,78.8,61.9
"1984-07-01",1984,7,82.6,63.2
"1984-08-01",1984,8,82.7,65.5
"1984-09-01",1984,9,67.2,48.5
"1984-10-01",1984,10,58.7,44.1
"1984-11-01",1984,11,41.6,26.3
"1984-12-01",1984,12,26.2,11
"1985-01-01",1985,1,20.3,1.2
"1985-02-01",1985,2,24.9,9.3
"1985-03-01",1985,3,43.8,28.7
"1985-04-01",1985,4,63.1,42.3
"1985-05-01",1985,5,72.8,52.9
"1985-06-01",1985,6,74.2,54.9
"1985-07-01",1985,7,85.2,63.9
"1985-08-01",1985,8,76.4,60.2
"1985-09-01",1985,9,68.5,52.6
"1985-10-01",1985,10,57.3,39
"1985-11-01",1985,11,32.3,18.6
"1985-12-01",1985,12,17.2,-0.6
"1986-01-01",1986,1,24.8,11.5
"1986-02-01",1986,2,22.6,10
"1986-03-01",1986,3,42.8,26.3
"1986-04-01",1986,4,59.1,41.4
"1986-05-01",1986,5,69.6,50.5
"1986-06-01",1986,6,79,59.6
"1986-07-01",1986,7,82.6,66.5
"1986-08-01",1986,8,76.9,58.5
"1986-09-01",1986,9,67.8,53.1
"1986-10-01",1986,10,58.4,41.3
"1986-11-01",1986,11,37.1,20.6
"1986-12-01",1986,12,31.3,19.4
"1987-01-01",1987,1,29,14.7
"1987-02-01",1987,2,41.1,23.5
"1987-03-01",1987,3,47.7,30.9
"1987-04-01",1987,4,66.9,41.4
"1987-05-01",1987,5,74.6,53.6
"1987-06-01",1987,6,84.5,62.3
"1987-07-01",1987,7,85.8,67.5
"1987-08-01",1987,8,77.2,62
"1987-09-01",1987,9,72.8,53.4
"1987-10-01",1987,10,54.1,36.4
"1987-11-01",1987,11,45.8,31.3
"1987-12-01",1987,12,31.1,20.1
"1988-01-01",1988,1,19.7,2.4
"1988-02-01",1988,2,22.6,6.4
"1988-03-01",1988,3,42.4,26.4
"1988-04-01",1988,4,59.2,36.9
"1988-05-01",1988,5,78.3,53.8
"1988-06-01",1988,6,86.9,63.2
"1988-07-01",1988,7,90.2,67.2
"1988-08-01",1988,8,84.7,64.5
"1988-09-01",1988,9,73,53.1
"1988-10-01",1988,10,54.5,34.7
"1988-11-01",1988,11,39.7,27
"1988-12-01",1988,12,29.6,12.7
"1989-01-01",1989,1,30.7,13
"1989-02-01",1989,2,18.1,0.4
"1989-03-01",1989,3,34,20.5
"1989-04-01",1989,4,55.7,36.1
"1989-05-01",1989,5,68.9,47.4
"1989-06-01",1989,6,79.4,58.6
"1989-07-01",1989,7,86.5,67.6
"1989-08-01",1989,8,80.5,62.3
"1989-09-01",1989,9,72.2,50.9
"1989-10-01",1989,10,62,39
"1989-11-01",1989,11,36.8,20.4
"1989-12-01",1989,12,18.5,4
"1990-01-01",1990,1,35.3,18.4
"1990-02-01",1990,2,33.6,15.1
"1990-03-01",1990,3,44.7,28
"1990-04-01",1990,4,57.9,36.9
"1990-05-01",1990,5,66.7,47.3
"1990-06-01",1990,6,79.6,60.7
"1990-07-01",1990,7,80.8,63.1
"1990-08-01",1990,8,80,62.5
"1990-09-01",1990,9,74.8,55.2
"1990-10-01",1990,10,59.7,37.8
"1990-11-01",1990,11,46.9,29.2
"1990-12-01",1990,12,25.9,9.2
"1991-01-01",1991,1,21,5.3
"1991-02-01",1991,2,34.5,15.6
"1991-03-01",1991,3,43.3,26.6
"1991-04-01",1991,4,59.8,39.7
"1991-05-01",1991,5,70.1,55
"1991-06-01",1991,6,82.9,64.1
"1991-07-01",1991,7,81.1,64.7
"1991-08-01",1991,8,80.9,62.7
"1991-09-01",1991,9,68.3,50.9
"1991-10-01",1991,10,57.4,38.2
"1991-11-01",1991,11,31.3,19
"1991-12-01",1991,12,29.4,14.2
"1992-01-01",1992,1,29.4,15.7
"1992-02-01",1992,2,33.9,23.4
"1992-03-01",1992,3,40.9,26.5
"1992-04-01",1992,4,52.2,36.4
"1992-05-01",1992,5,72.3,50
"1992-06-01",1992,6,76.3,56.2
"1992-07-01",1992,7,74.8,58.1
"1992-08-01",1992,8,75.8,57.4
"1992-09-01",1992,9,69.8,50.6
"1992-10-01",1992,10,57,39
"1992-11-01",1992,11,35.9,28.1
"1992-12-01",1992,12,28.6,15.1
"1993-01-01",1993,1,23.6,6.9
"1993-02-01",1993,2,24.4,11.2
"1993-03-01",1993,3,38.6,21.6
"1993-04-01",1993,4,54.5,35.2
"1993-05-01",1993,5,66.3,49.5
"1993-06-01",1993,6,73.6,56.8
"1993-07-01",1993,7,78.1,63.8
"1993-08-01",1993,8,79.6,62.5
"1993-09-01",1993,9,64.3,47
"1993-10-01",1993,10,56.6,37.6
"1993-11-01",1993,11,37.6,24.9
"1993-12-01",1993,12,28.8,16.8
"1994-01-01",1994,1,13,-3
"1994-02-01",1994,2,22.6,5.1
"1994-03-01",1994,3,44,26.7
"1994-04-01",1994,4,56.5,36.6
"1994-05-01",1994,5,73,49.7
"1994-06-01",1994,6,80.6,60.4
"1994-07-01",1994,7,80,61.4
"1994-08-01",1994,8,77.4,58.6
"1994-09-01",1994,9,73.4,56.5
"1994-10-01",1994,10,59.9,45.8
"1994-11-01",1994,11,46.1,31.2
"1994-12-01",1994,12,31.8,18.4
"1995-01-01",1995,1,25.4,12.8
"1995-02-01",1995,2,28.3,11.6
"1995-03-01",1995,3,43.7,27.5
"1995-04-01",1995,4,51.6,34.1
"1995-05-01",1995,5,67.5,47.5
"1995-06-01",1995,6,81.4,62.3
"1995-07-01",1995,7,83.6,63.9
"1995-08-01",1995,8,83.7,67
"1995-09-01",1995,9,71,50.7
"1995-10-01",1995,10,56.6,41.9
"1995-11-01",1995,11,34.3,21.7
"1995-12-01",1995,12,26.2,13.3
"1996-01-01",1996,1,19.6,2
"1996-02-01",1996,2,26.1,11.1
"1996-03-01",1996,3,34.5,17.3
"1996-04-01",1996,4,52.5,31.6
"1996-05-01",1996,5,64.5,48.1
"1996-06-01",1996,6,77.5,60.8
"1996-07-01",1996,7,81,62
"1996-08-01",1996,8,81.7,61.5
"1996-09-01",1996,9,71.7,54.2
"1996-10-01",1996,10,59.9,40.4
"1996-11-01",1996,11,32.9,19.8
"1996-12-01",1996,12,21.7,7.2
"1997-01-01",1997,1,18.4,3.4
"1997-02-01",1997,2,29.3,14.1
"1997-03-01",1997,3,38.6,22.6
"1997-04-01",1997,4,54.5,34.4
"1997-05-01",1997,5,64,44
"1997-06-01",1997,6,80.6,60.7
"1997-07-01",1997,7,80.1,64.1
"1997-08-01",1997,8,77.6,61.7
"1997-09-01",1997,9,73,54.7
"1997-10-01",1997,10,60.7,40.9
"1997-11-01",1997,11,34.4,23
"1997-12-01",1997,12,33.6,21.5
"1998-01-01",1998,1,26,13.4
"1998-02-01",1998,2,38,27.1
"1998-03-01",1998,3,39.7,25.4
"1998-04-01",1998,4,61.6,41
"1998-05-01",1998,5,75.7,52.5
"1998-06-01",1998,6,74.5,56.6
"1998-07-01",1998,7,82.7,63.7
"1998-08-01",1998,8,80.9,63.5
"1998-09-01",1998,9,78.3,56.2
"1998-10-01",1998,10,60.2,43.4
"1998-11-01",1998,11,45.1,30.5
"1998-12-01",1998,12,34.5,15.9
"1999-01-01",1999,1,20.1,5.9
"1999-02-01",1999,2,35,22.1
"1999-03-01",1999,3,44,24.9
"1999-04-01",1999,4,58.4,41
"1999-05-01",1999,5,69.5,52
"1999-06-01",1999,6,76.7,59.1
"1999-07-01",1999,7,86.6,67.2
"1999-08-01",1999,8,79.1,62.3
"1999-09-01",1999,9,71.7,51.8
"1999-10-01",1999,10,60.3,40.2
"1999-11-01",1999,11,50.9,34
"1999-12-01",1999,12,33.5,19
"2000-01-01",2000,1,24.4,8.7
"2000-02-01",2000,2,36.1,20.9
"2000-03-01",2000,3,50.6,32.9
"2000-04-01",2000,4,56.5,36.9
"2000-05-01",2000,5,70.3,51.4
"2000-06-01",2000,6,75.7,56.5
"2000-07-01",2000,7,80.9,63.9
"2000-08-01",2000,8,81,63.3
"2000-09-01",2000,9,72.2,51
"2000-10-01",2000,10,62.2,44.3
"2000-11-01",2000,11,36.7,25.6
"2000-12-01",2000,12,14.4,0.8
"2001-01-01",2001,1,28,12
"2001-02-01",2001,2,20.9,2.7
"2001-03-01",2001,3,35.3,19.6
"2001-04-01",2001,4,57.7,39
"2001-05-01",2001,5,68.3,51
"2001-06-01",2001,6,78.3,59.9
"2001-07-01",2001,7,85.6,66.2
"2001-08-01",2001,8,83.6,64.7
"2001-09-01",2001,9,69.7,52.1
"2001-10-01",2001,10,57.3,39.9
"2001-11-01",2001,11,54.9,37.8
"2001-12-01",2001,12,34.6,20.7
"2002-01-01",2002,1,31.6,17.7
"2002-02-01",2002,2,36.2,20.6
"2002-03-01",2002,3,32.3,17.5
"2002-04-01",2002,4,54.9,36.5
"2002-05-01",2002,5,64.2,45
"2002-06-01",2002,6,80.2,61.9
"2002-07-01",2002,7,85.4,68.6
"2002-08-01",2002,8,79.3,62.5
"2002-09-01",2002,9,74.6,56.3
"2002-10-01",2002,10,48.7,35
"2002-11-01",2002,11,40.4,25.6
"2002-12-01",2002,12,33.6,18.8
"2003-01-01",2003,1,23,7.6
"2003-02-01",2003,2,24.8,6.5
"2003-03-01",2003,3,40.5,22.1
"2003-04-01",2003,4,57.8,38.8
"2003-05-01",2003,5,67.2,48.1
"2003-06-01",2003,6,77.8,58.5
"2003-07-01",2003,7,82.5,64.9
"2003-08-01",2003,8,85.3,65.3
"2003-09-01",2003,9,72.5,52.5
"2003-10-01",2003,10,60.3,41.8
"2003-11-01",2003,11,38.6,25.6
"2003-12-01",2003,12,31,18.9
"2004-01-01",2004,1,18.5,3.9
"2004-02-01",2004,2,28.6,14.6
"2004-03-01",2004,3,44.2,27.8
"2004-04-01",2004,4,61.7,38.2
"2004-05-01",2004,5,66,47.2
"2004-06-01",2004,6,74.5,56.4
"2004-07-01",2004,7,81.1,63.2
"2004-08-01",2004,8,75.7,56.9
"2004-09-01",2004,9,77,57.8
"2004-10-01",2004,10,58,42.1
"2004-11-01",2004,11,45.1,30.3
"2004-12-01",2004,12,30.1,14.9
"2005-01-01",2005,1,22.9,8.3
"2005-02-01",2005,2,34,18.9
"2005-03-01",2005,3,40.9,22.7
"2005-04-01",2005,4,61.7,42.2
"2005-05-01",2005,5,64.7,48
"2005-06-01",2005,6,82.5,64.3
"2005-07-01",2005,7,86.6,66.9
"2005-08-01",2005,8,80.9,62.5
"2005-09-01",2005,9,75.8,56.8
"2005-10-01",2005,10,61.5,43.2
"2005-11-01",2005,11,44.5,28.7
"2005-12-01",2005,12,24.8,14.1
"2006-01-01",2006,1,34.4,22.7
"2006-02-01",2006,2,28.6,11.4
"2006-03-01",2006,3,40.9,26.2
"2006-04-01",2006,4,63.4,43.7
"2006-05-01",2006,5,71.2,52.6
"2006-06-01",2006,6,80.9,61
"2006-07-01",2006,7,89.8,69.5
"2006-08-01",2006,8,80.6,63.6
"2006-09-01",2006,9,67.9,51.4
"2006-10-01",2006,10,55,36.9
"2006-11-01",2006,11,45.2,28.4
"2006-12-01",2006,12,35.8,22.4
"2007-01-01",2007,1,26.6,12.7
"2007-02-01",2007,2,20.5,6.5
"2007-03-01",2007,3,47,29.8
"2007-04-01",2007,4,57.5,36.9
"2007-05-01",2007,5,75.1,53.2
"2007-06-01",2007,6,82.7,62.7
"2007-07-01",2007,7,85.7,66.2
"2007-08-01",2007,8,80.2,64
"2007-09-01",2007,9,74.7,55
"2007-10-01",2007,10,62.1,46.5
"2007-11-01",2007,11,42,27
"2007-12-01",2007,12,23.4,9.7
"2008-01-01",2008,1,21.2,5.2
"2008-02-01",2008,2,23.1,7.3
"2008-03-01",2008,3,36.2,20.4
"2008-04-01",2008,4,53,35.1
"2008-05-01",2008,5,66.6,46
"2008-06-01",2008,6,77.9,59.5
"2008-07-01",2008,7,85.4,65.7
"2008-08-01",2008,8,82.8,62.1
"2008-09-01",2008,9,72.8,54.3
"2008-10-01",2008,10,59.6,41.2
"2008-11-01",2008,11,41.5,27.8
"2008-12-01",2008,12,23,4
"2009-01-01",2009,1,16.8,-0.2
"2009-02-01",2009,2,29.1,12.4
"2009-03-01",2009,3,41.1,23.3
"2009-04-01",2009,4,57.4,37.8
"2009-05-01",2009,5,71.6,50
"2009-06-01",2009,6,76.6,58.7
"2009-07-01",2009,7,79.4,60.5
"2009-08-01",2009,8,78,60.9
"2009-09-01",2009,9,76,57
"2009-10-01",2009,10,49.1,37.3
"2009-11-01",2009,11,51,34.4
"2009-12-01",2009,12,23.2,11.4
"2010-01-01",2010,1,20,6.1
"2010-02-01",2010,2,28.1,11.3
"2010-03-01",2010,3,50,32
"2010-04-01",2010,4,65.5,44.3
"2010-05-01",2010,5,70.5,50.9
"2010-06-01",2010,6,77.5,61
"2010-07-01",2010,7,85.4,67.1
"2010-08-01",2010,8,86.2,67.8
"2010-09-01",2010,9,68.9,51.6
"2010-10-01",2010,10,64.1,44
"2010-11-01",2010,11,42.5,28.1
"2010-12-01",2010,12,22.4,10.4
"2011-01-01",2011,1,18.3,5.8
"2011-02-01",2011,2,27,10.5
"2011-03-01",2011,3,37.4,21.5
"2011-04-01",2011,4,55.1,37.3
"2011-05-01",2011,5,67.2,49.6
"2011-06-01",2011,6,78.7,60.3
"2011-07-01",2011,7,87.9,69.7
"2011-08-01",2011,8,82.4,64.8
"2011-09-01",2011,9,72.5,53.3
"2011-10-01",2011,10,64.9,45.8
"2011-11-01",2011,11,47,31.5
"2011-12-01",2011,12,34.4,21.2
"2012-01-01",2012,1,30.8,15.8
"2012-02-01",2012,2,34.8,20.6
"2012-03-01",2012,3,57.5,39.1
"2012-04-01",2012,4,59.6,40.5
"2012-05-01",2012,5,73.5,53.8
"2012-06-01",2012,6,82.3,62.3
"2012-07-01",2012,7,89.9,70.4
"2012-08-01",2012,8,82.1,61.8
"2012-09-01",2012,9,76.2,51.5
"2012-10-01",2012,10,56.4,38.6
"2012-11-01",2012,11,45.6,28.6
"2012-12-01",2012,12,30.6,16.2
"2013-01-01",2013,1,25,8.9
"2013-02-01",2013,2,26.2,11.8
"2013-03-01",2013,3,34.6,19.8
"2013-04-01",2013,4,48.6,33.4
"2013-05-01",2013,5,67.6,49
"2013-06-01",2013,6,77.1,60.7
"2013-07-01",2013,7,84,65.9
"2013-08-01",2013,8,84.2,65.3
"2013-09-01",2013,9,77.1,57.2
"2013-10-01",2013,10,57.1,41.2
"2013-11-01",2013,11,41.2,25.4
"2013-12-01",2013,12,20.1,5.1
"2014-01-01",2014,1,18.6,-2.3
"2014-02-01",2014,2,17.7,0
"2014-03-01",2014,3,34,17.3
"2014-04-01",2014,4,51.4,34.1
"2014-05-01",2014,5,67.9,49.3
"2014-06-01",2014,6,77.9,61
"2014-07-01",2014,7,80.6,62.5
"2014-08-01",2014,8,81.8,64.8
"2014-09-01",2014,9,72.2,53.2
"2014-10-01",2014,10,58.4,40
"2014-11-01",2014,11,32.5,18.7
"2014-12-01",2014,12,29.7,19
"2015-01-01",2015,1,25.9,12.4
"2015-02-01",2015,2,19.6,3
"2015-03-01",2015,3,45.4,25.8
"2015-04-01",2015,4,59.9,39.6
"2015-05-01",2015,5,68.5,49.9
"2015-06-01",2015,6,78.7,60.7
"2015-07-01",2015,7,82.4,64.3
"2015-08-01",2015,8,79.3,62.2
"2015-09-01",2015,9,76.4,59.3
"2015-10-01",2015,10,61,43.1
"2015-11-01",2015,11,49.1,33.7
"2015-12-01",2015,12,35.2,25.4
"2016-01-01",2016,1,24.2,11.2
"2016-02-01",2016,2,31.9,18.2
"2016-03-01",2016,3,49.4,33.2
"2016-04-01",2016,4,56.9,39.3
"2016-05-01",2016,5,71.2,51.5
"2016-06-01",2016,6,80.5,62.1
"2016-07-01",2016,7,84,66.3
"2016-08-01",2016,8,81.9,64.8
"2016-09-01",2016,9,74,58.2
"2016-10-01",2016,10,61.1,44.7
"2016-11-01",2016,11,52,36.3
"2016-12-01",2016,12,27.1,15
"2017-01-01",2017,1,27.2,14.9
"2017-02-01",2017,2,40.2,22.4
"2017-03-01",2017,3,42.1,26
"2017-04-01",2017,4,59.3,41.6
"2017-05-01",2017,5,67.7,49.3
"2017-06-01",2017,6,81.3,61.4
"2017-07-01",2017,7,84.8,65.8
"2017-08-01",2017,8,77,60.4
"2017-09-01",2017,9,77,57.5
"2017-10-01",2017,10,59.6,43.1
"2017-11-01",2017,11,42.2,26.2
"2017-12-01",2017,12,25.4,12.7
"2018-01-01",2018,1,25,8.5
"2018-02-01",2018,2,25.2,6.9
"2018-03-01",2018,3,40.3,24.7
"2018-04-01",2018,4,47.4,27.8
"2018-05-01",2018,5,78.4,57.3
"2018-06-01",2018,6,80.9,64.5
"2018-07-01",2018,7,84.2,65.8
"2018-08-01",2018,8,82.9,65
"2018-09-01",2018,9,73.3,57
"2018-10-01",2018,10,53.3,38.3
"2018-11-01",2018,11,34.2,22.5
"2018-12-01",2018,12,31.7,20.2
"2019-01-01",2019,1,21.9,7
"2019-02-01",2019,2,21.3,4.7
"2019-03-01",2019,3,37.2,20
"2019-04-01",2019,4,55.2,37.2
"2019-05-01",2019,5,65.4,45.9
"2019-06-01",2019,6,79.2,60.3
"2019-07-01",2019,7,83.8,67
"2019-08-01",2019,8,79.4,62.6
"2019-09-01",2019,9,74.7,58.7
"2019-10-01",2019,10,53.2,39.1
"2019-11-01",2019,11,36.3,25.5
"2019-12-01",2019,12,30.5,16.1
"2020-01-01",2020,1,27.4,14
"2020-02-01",2020,2,29.9,12.6
"2020-03-01",2020,3,45.2,30.2
"2020-04-01",2020,4,55.4,34.9
"2020-05-01",2020,5,67.1,50.3
"2020-06-01",2020,6,82.9,62.8
"2020-07-01",2020,7,85.2,66.8
"2020-08-01",2020,8,82.2,64
"2020-09-01",2020,9,70.3,52.2
"2020-10-01",2020,10,51,36.2
"2020-11-01",2020,11,47,30.3
"2020-12-01",2020,12,33,17.8
"2021-01-01",2021,1,28.3,16.2
"2021-02-01",2021,2,18.8,4.8
"2021-03-01",2021,3,50.1,31.1
"2021-04-01",2021,4,57.1,38.2
"2021-05-01",2021,5,70,50.4
"2021-06-01",2021,6,87.4,66.1
"2021-07-01",2021,7,86.1,65.9
"2021-08-01",2021,8,83,65
"2021-09-01",2021,9,76.6,56.3
"2021-10-01",2021,10,63.8,47.3
"2021-11-01",2021,11,44.7,29.4
"2021-12-01",2021,12,32.6,16.6
"2022-01-01",2022,1,20.4,1.3
"2022-02-01",2022,2,24.7,4.5
"2022-03-01",2022,3,39.5,24.3
"2022-04-01",2022,4,48.6,33.5
"2022-05-01",2022,5,70.7,51.3
"2022-06-01",2022,6,83.1,63
"2022-07-01",2022,7,85.3,67.3
"2022-08-01",2022,8,81.4,63.6
"2022-09-01",2022,9,75.8,56.1
"2022-10-01",2022,10,62.1,41.5
"2022-11-01",2022,11,42.4,27.9
"2022-12-01",2022,12,24.4,11.8
"2023-01-01",2023,1,26.1,14.6
"2023-02-01",2023,2,30.1,12.3
"2023-03-01",2023,3,36.6,21.7
"2023-04-01",2023,4,54.4,37.3
"2023-05-01",2023,5,74.7,53.7
"2023-06-01",2023,6,85.5,64.5
"2023-07-01",2023,7,85.1,64
"2023-08-01",2023,8,84,65.3
"2023-09-01",2023,9,78,60.2
"2023-10-01",2023,10,59.2,44.6
"2023-11-01",2023,11,47.2,29.9
"2023-12-01",2023,12,40.4,28.4
"2024-01-01",2024,1,27.4,17.1
"2024-02-01",2024,2,42.9,24
"2024-03-01",2024,3,46.5,28.4
"2024-04-01",2024,4,58,40.5
"2024-05-01",2024,5,72.7,52.2
"2024-06-01",2024,6,78.4,60.5
"2024-07-01",2024,7,82.5,65.7
"2024-08-01",2024,8,80.2,62.9
"2024-09-01",2024,9,80.8,60
"2024-10-01",2024,10,68.2,46.7
"2024-11-01",2024,11,44.4,32.8
"2024-12-01",2024,12,30.8,18.9
"2025-01-01",2025,1,24.4,6.9
"2025-02-01",2025,2,25.8,8.7
"2025-03-01",2025,3,50.1,28.3
"2025-04-01",2025,4,57.8,38.8
"2025-05-01",2025,5,70.8,50.7
